-- MySQL dump 10.13  Distrib 8.0.33, for macos13.3 (x86_64)
--
-- Host: localhost    Database: lottokeeper
-- ------------------------------------------------------
-- Server version	8.0.33

/*!40101 SET @OLD_CHARACTER_SET_CLIENT=@@CHARACTER_SET_CLIENT */;
/*!40101 SET @OLD_CHARACTER_SET_RESULTS=@@CHARACTER_SET_RESULTS */;
/*!40101 SET @OLD_COLLATION_CONNECTION=@@COLLATION_CONNECTION */;
/*!50503 SET NAMES utf8mb4 */;
/*!40103 SET @OLD_TIME_ZONE=@@TIME_ZONE */;
/*!40103 SET TIME_ZONE='+00:00' */;
/*!40014 SET @OLD_UNIQUE_CHECKS=@@UNIQUE_CHECKS, UNIQUE_CHECKS=0 */;
/*!40014 SET @OLD_FOREIGN_KEY_CHECKS=@@FOREIGN_KEY_CHECKS, FOREIGN_KEY_CHECKS=0 */;
/*!40101 SET @OLD_SQL_MODE=@@SQL_MODE, SQL_MODE='NO_AUTO_VALUE_ON_ZERO' */;
/*!40111 SET @OLD_SQL_NOTES=@@SQL_NOTES, SQL_NOTES=0 */;

--
-- Table structure for table `games`
--

DROP TABLE IF EXISTS `games`;
/*!40101 SET @saved_cs_client     = @@character_set_client */;
/*!50503 SET character_set_client = utf8mb4 */;
CREATE TABLE `games` (
  `id` int NOT NULL AUTO_INCREMENT,
  `prize` int NOT NULL,
  `createdAt` timestamp NULL DEFAULT CURRENT_TIMESTAMP,
  `gm` int DEFAULT NULL,
  `is_active` tinyint(1) DEFAULT NULL,
  `tickets_sold` int DEFAULT '0',
  PRIMARY KEY (`id`),
  KEY `gm` (`gm`),
  CONSTRAINT `games_ibfk_1` FOREIGN KEY (`gm`) REFERENCES `users` (`id`)
) ENGINE=InnoDB AUTO_INCREMENT=72 DEFAULT CHARSET=utf8mb4 COLLATE=utf8mb4_0900_ai_ci;
/*!40101 SET character_set_client = @saved_cs_client */;

--
-- Dumping data for table `games`
--

LOCK TABLES `games` WRITE;
/*!40000 ALTER TABLE `games` DISABLE KEYS */;
INSERT INTO `games` VALUES (21,1200,'2023-11-24 15:46:14',NULL,0,4),(22,900,'2023-11-24 16:06:07',NULL,0,3),(23,900,'2023-11-24 16:13:23',NULL,0,3),(24,300,'2023-11-24 16:14:42',NULL,0,1),(25,600,'2023-11-24 16:17:08',NULL,0,2),(26,1200,'2023-11-24 17:30:47',NULL,0,4),(27,1200,'2023-11-24 17:36:30',NULL,0,4),(29,600,'2023-11-25 11:52:58',NULL,0,2),(30,600,'2023-11-25 12:19:30',NULL,0,2),(31,900,'2023-11-25 12:21:04',NULL,0,3),(33,600,'2023-11-25 12:52:38',NULL,0,2),(35,900,'2023-11-25 16:20:04',NULL,0,3),(36,900,'2023-11-25 16:35:36',NULL,0,3),(37,900,'2023-11-25 16:36:50',NULL,0,3),(38,900,'2023-11-25 16:37:38',NULL,0,3),(39,1500,'2023-11-25 17:14:20',NULL,0,5),(40,1500,'2023-11-25 20:14:24',NULL,0,5),(41,600,'2023-11-26 00:12:41',NULL,0,2),(42,600,'2023-11-26 00:49:36',NULL,0,2),(43,1,'2023-11-26 02:01:08',NULL,0,0),(44,300,'2023-11-26 02:06:54',NULL,0,1),(45,300,'2023-11-26 02:12:21',NULL,0,1),(46,300,'2023-11-26 02:14:10',NULL,0,1),(47,300,'2023-11-26 02:14:57',NULL,0,3),(49,1500,'2023-11-26 14:25:21',NULL,0,5),(50,600,'2023-11-26 17:16:58',NULL,0,2),(51,600,'2023-11-26 17:55:59',NULL,0,14),(52,1,'2023-11-26 18:24:04',NULL,0,5),(53,3000,'2023-11-26 18:34:22',NULL,0,10),(54,1,'2023-11-26 19:27:07',NULL,0,0),(55,300,'2023-11-26 19:34:17',NULL,0,1),(56,1,'2023-11-26 19:35:50',NULL,0,0),(57,1,'2023-11-26 19:36:04',NULL,0,0),(58,1800,'2023-11-26 19:47:51',NULL,0,9),(59,300,'2023-11-26 20:08:56',NULL,0,1),(60,3000,'2023-11-26 20:09:37',NULL,0,10),(61,1,'2023-11-26 21:05:42',NULL,0,5),(62,300,'2023-11-26 21:06:52',NULL,0,5),(63,300,'2023-11-26 21:38:28',NULL,0,3),(64,1200,'2023-11-26 21:40:41',NULL,0,4),(65,300,'2023-11-26 21:55:05',NULL,0,6),(66,300,'2023-11-26 22:26:34',NULL,0,3),(67,300,'2023-11-26 22:30:51',NULL,0,3),(68,300,'2023-11-26 22:34:37',NULL,0,3),(69,900,'2023-11-26 22:46:10',NULL,0,5),(70,1200,'2023-11-26 22:47:31',NULL,0,4),(71,1,'2023-11-26 22:49:33',NULL,1,0);
/*!40000 ALTER TABLE `games` ENABLE KEYS */;
UNLOCK TABLES;

--
-- Table structure for table `tickets`
--

DROP TABLE IF EXISTS `tickets`;
/*!40101 SET @saved_cs_client     = @@character_set_client */;
/*!50503 SET character_set_client = utf8mb4 */;
CREATE TABLE `tickets` (
  `id` int NOT NULL AUTO_INCREMENT,
  `userId` int DEFAULT NULL,
  `gameId` int DEFAULT NULL,
  `numbers` varchar(255) DEFAULT NULL,
  `win` int NOT NULL,
  `is_active` tinyint(1) DEFAULT NULL,
  `is_real` tinyint(1) DEFAULT NULL,
  PRIMARY KEY (`id`),
  KEY `userId` (`userId`),
  KEY `gameId` (`gameId`),
  CONSTRAINT `tickets_ibfk_1` FOREIGN KEY (`userId`) REFERENCES `users` (`id`),
  CONSTRAINT `tickets_ibfk_2` FOREIGN KEY (`gameId`) REFERENCES `games` (`id`)
) ENGINE=InnoDB AUTO_INCREMENT=393 DEFAULT CHARSET=utf8mb4 COLLATE=utf8mb4_0900_ai_ci;
/*!40101 SET character_set_client = @saved_cs_client */;

--
-- Dumping data for table `tickets`
--

LOCK TABLES `tickets` WRITE;
/*!40000 ALTER TABLE `tickets` DISABLE KEYS */;
INSERT INTO `tickets` VALUES (295,38,49,'[\"12\",\"23\",\"33\",\"23\",\"1\"]',0,1,1),(296,38,49,'[\"4\",\"4\",\"4\",\"4\",\"4\"]',0,1,1),(297,38,49,'[\"2\",\"23\",\"12\",\"22\",\"22\"]',0,1,1),(298,38,49,'[\"12\",\"2\",\"22\",\"22\",\"22\"]',0,1,1),(299,38,49,'[\"12\",\"22\",\"33\",\"23\",\"12\"]',0,1,1),(300,38,50,'[\"12\",\"2\",\"32\",\"21\",\"4\"]',0,1,1),(301,38,50,'[\"12\",\"22\",\"31\",\"1\",\"12\"]',0,1,1),(302,38,51,'[\"1\",\"2\",\"3\",\"4\",\"5\"]',0,1,1),(303,38,51,'[\"1\",\"12\",\"12\",\"12\",\"12\"]',0,1,1),(304,34,51,'[\"33\",\"15\",\"3\",\"32\",\"3\"]',0,1,0),(305,34,51,'[\"4\",\"39\",\"21\",\"7\",\"30\"]',0,1,0),(306,34,51,'[\"32\",\"14\",\"35\",\"7\",\"27\"]',0,1,0),(307,34,51,'[\"7\",\"15\",\"23\",\"29\",\"24\"]',0,1,0),(308,34,51,'[\"31\",\"22\",\"31\",\"21\",\"35\"]',0,1,0),(309,34,51,'[\"23\",\"1\",\"31\",\"19\",\"9\"]',0,1,0),(310,34,51,'[\"14\",\"9\",\"38\",\"27\",\"33\"]',0,1,0),(311,34,51,'[\"20\",\"8\",\"36\",\"28\",\"28\"]',0,1,0),(312,34,51,'[\"27\",\"37\",\"1\",\"9\",\"6\"]',0,1,0),(313,34,51,'[\"27\",\"28\",\"23\",\"9\",\"10\"]',0,1,0),(314,34,51,'[\"37\",\"21\",\"19\",\"36\",\"38\"]',0,1,0),(315,34,51,'[\"4\",\"31\",\"12\",\"27\",\"24\"]',0,1,0),(316,34,52,'[\"28\",\"34\",\"12\",\"14\",\"6\"]',0,1,0),(317,34,52,'[\"30\",\"39\",\"36\",\"19\",\"2\"]',0,1,0),(318,34,52,'[\"30\",\"25\",\"24\",\"13\",\"4\"]',0,1,0),(319,34,52,'[\"37\",\"21\",\"20\",\"10\",\"35\"]',0,1,0),(320,34,52,'[\"6\",\"2\",\"39\",\"20\",\"19\"]',0,1,0),(321,38,53,'[\"12\",\"2\",\"3\",\"4\",\"5\"]',0,1,1),(322,38,53,'[\"2\",\"1\",\"3\",\"2\",\"2\"]',0,1,1),(323,38,53,'[\"12\",\"12\",\"12\",\"12\",\"12\"]',0,1,1),(325,38,53,'[\"12\",\"12\",\"12\",\"12\",\"12\"]',0,1,1),(326,38,53,'[\"12\",\"12\",\"12\",\"12\",\"12\"]',0,1,1),(327,38,53,'[\"12\",\"12\",\"12\",\"12\",\"12\"]',0,1,1),(328,38,53,'[\"9\",\"9\",\"9\",\"9\",\"9\"]',0,1,1),(329,38,53,'[\"9\",\"9\",\"9\",\"8\",\"9\"]',0,1,1),(330,38,53,'[\"1\",\"1\",\"1\",\"1\",\"1\"]',0,1,1),(331,38,55,'[\"1\",\"1\",\"1\",\"1\",\"1\"]',0,1,1),(332,34,58,'[\"6\",\"33\",\"23\",\"22\",\"34\"]',0,1,0),(333,34,58,'[\"30\",\"13\",\"22\",\"10\",\"13\"]',0,1,0),(334,34,58,'[\"3\",\"38\",\"39\",\"8\",\"20\"]',0,1,0),(335,34,58,'[\"12\",\"8\",\"24\",\"32\",\"14\"]',0,1,0),(336,34,58,'[\"11\",\"31\",\"2\",\"15\",\"30\"]',0,1,0),(337,38,58,'[\"1\",\"1\",\"1\",\"1\",\"1\"]',0,1,1),(338,34,58,'[\"38\",\"26\",\"4\",\"18\",\"38\"]',0,1,0),(339,34,58,'[\"38\",\"21\",\"15\",\"1\",\"35\"]',0,1,0),(340,34,58,'[\"14\",\"21\",\"13\",\"14\",\"25\"]',0,1,0),(341,38,59,'[\"1\",\"2\",\"3\",\"4\",\"5\"]',0,1,1),(342,34,60,'[\"8\",\"16\",\"32\",\"29\",\"16\"]',0,1,0),(343,34,60,'[\"16\",\"32\",\"28\",\"24\",\"6\"]',0,1,0),(344,38,60,'[\"1\",\"2\",\"3\",\"4\",\"5\"]',0,1,1),(345,34,60,'[\"8\",\"21\",\"39\",\"7\",\"6\"]',0,1,0),(346,34,60,'[\"33\",\"23\",\"4\",\"13\",\"10\"]',0,1,0),(347,34,60,'[\"33\",\"34\",\"22\",\"30\",\"15\"]',0,1,0),(348,34,60,'[\"22\",\"11\",\"6\",\"17\",\"27\"]',0,1,0),(349,34,60,'[\"6\",\"27\",\"24\",\"35\",\"31\"]',0,1,0),(350,34,60,'[\"2\",\"19\",\"3\",\"29\",\"38\"]',0,1,0),(351,38,60,'[\"2\",\"3\",\"4\",\"5\",\"6\"]',0,1,1),(352,34,61,'[\"15\",\"15\",\"2\",\"23\",\"28\"]',0,1,0),(353,34,61,'[\"35\",\"1\",\"14\",\"29\",\"14\"]',0,1,0),(354,34,61,'[\"10\",\"4\",\"36\",\"28\",\"7\"]',0,1,0),(355,34,61,'[\"11\",\"39\",\"34\",\"26\",\"2\"]',0,1,0),(356,34,61,'[\"14\",\"16\",\"15\",\"3\",\"11\"]',0,1,0),(357,38,62,'[\"1\",\"2\",\"3\",\"4\",\"5\"]',0,1,1),(358,34,62,'[\"39\",\"21\",\"2\",\"3\",\"28\"]',0,1,0),(359,34,62,'[\"24\",\"4\",\"31\",\"18\",\"17\"]',0,1,0),(360,34,62,'[\"3\",\"32\",\"18\",\"35\",\"18\"]',0,1,0),(361,34,62,'[\"38\",\"29\",\"34\",\"6\",\"27\"]',0,1,0),(362,38,63,'[\"1\",\"1\",\"1\",\"1\",\"1\"]',0,1,1),(363,34,63,'[\"16\",\"18\",\"7\",\"7\",\"16\"]',0,1,0),(364,34,63,'[\"24\",\"32\",\"11\",\"38\",\"31\"]',0,1,0),(365,34,64,'[\"17\",\"4\",\"16\",\"27\",\"26\"]',0,1,0),(366,34,64,'[\"10\",\"26\",\"5\",\"27\",\"26\"]',0,1,0),(367,34,64,'[\"36\",\"16\",\"30\",\"2\",\"31\"]',0,1,0),(368,38,64,'[\"23\",\"22\",\"19\",\"4\",\"4\"]',0,1,1),(369,38,65,'[\"1\",\"2\",\"23\",\"32\",\"2\"]',0,1,1),(370,34,65,'[\"30\",\"5\",\"9\",\"17\",\"21\"]',0,1,0),(371,34,65,'[\"17\",\"36\",\"21\",\"9\",\"13\"]',0,1,0),(372,34,65,'[\"22\",\"12\",\"23\",\"15\",\"9\"]',0,1,0),(373,34,65,'[\"16\",\"10\",\"18\",\"1\",\"7\"]',0,1,0),(374,34,65,'[\"10\",\"27\",\"15\",\"33\",\"25\"]',0,1,0),(375,38,66,'[\"1\",\"2\",\"3\",\"4\",\"5\"]',0,1,1),(376,34,66,'[\"32\",\"13\",\"34\",\"25\",\"15\"]',0,1,0),(377,34,66,'[\"31\",\"38\",\"9\",\"18\",\"10\"]',0,1,0),(378,38,67,'[\"1\",\"2\",\"3\",\"4\",\"21\"]',0,1,1),(379,34,67,'[\"14\",\"12\",\"2\",\"19\",\"18\"]',0,1,0),(380,34,67,'[\"29\",\"7\",\"1\",\"37\",\"35\"]',0,1,0),(381,38,68,'[\"1\",\"2\",\"3\",\"4\",\"5\"]',0,1,1),(382,34,68,'[\"13\",\"5\",\"39\",\"31\",\"3\"]',0,1,0),(383,34,68,'[\"18\",\"30\",\"27\",\"15\",\"37\"]',0,1,0),(384,34,69,'[\"28\",\"1\",\"37\",\"26\",\"19\"]',0,1,0),(385,34,69,'[\"18\",\"21\",\"39\",\"11\",\"37\"]',0,1,0),(386,38,69,'[\"1\",\"1\",\"1\",\"1\",\"1\"]',0,1,1),(387,34,69,'[\"19\",\"17\",\"36\",\"20\",\"3\"]',0,1,0),(388,34,69,'[\"5\",\"18\",\"11\",\"26\",\"13\"]',0,1,0),(389,34,70,'[\"32\",\"21\",\"21\",\"30\",\"31\"]',0,1,0),(390,34,70,'[\"32\",\"31\",\"27\",\"24\",\"32\"]',0,1,0),(391,34,70,'[\"20\",\"30\",\"38\",\"5\",\"15\"]',0,1,0),(392,38,70,'[\"23\",\"23\",\"23\",\"23\",\"23\"]',0,1,1);
/*!40000 ALTER TABLE `tickets` ENABLE KEYS */;
UNLOCK TABLES;

--
-- Table structure for table `users`
--

DROP TABLE IF EXISTS `users`;
/*!40101 SET @saved_cs_client     = @@character_set_client */;
/*!50503 SET character_set_client = utf8mb4 */;
CREATE TABLE `users` (
  `id` int NOT NULL AUTO_INCREMENT,
  `name` varchar(255) DEFAULT 'Unknown',
  `balance` int DEFAULT '0',
  `is_real` tinyint(1) DEFAULT '0',
  `is_admin` tinyint(1) DEFAULT '0',
  `user_ip` varchar(255) DEFAULT NULL,
  PRIMARY KEY (`id`)
) ENGINE=InnoDB AUTO_INCREMENT=39 DEFAULT CHARSET=utf8mb4 COLLATE=utf8mb4_0900_ai_ci;
/*!40101 SET character_set_client = @saved_cs_client */;

--
-- Dumping data for table `users`
--

LOCK TABLES `users` WRITE;
/*!40000 ALTER TABLE `users` DISABLE KEYS */;
INSERT INTO `users` VALUES (34,'admin',7470,0,1,'::1'),(38,'Karalabe',5500,0,0,'::1');
/*!40000 ALTER TABLE `users` ENABLE KEYS */;
UNLOCK TABLES;
/*!40103 SET TIME_ZONE=@OLD_TIME_ZONE */;

/*!40101 SET SQL_MODE=@OLD_SQL_MODE */;
/*!40014 SET FOREIGN_KEY_CHECKS=@OLD_FOREIGN_KEY_CHECKS */;
/*!40014 SET UNIQUE_CHECKS=@OLD_UNIQUE_CHECKS */;
/*!40101 SET CHARACTER_SET_CLIENT=@OLD_CHARACTER_SET_CLIENT */;
/*!40101 SET CHARACTER_SET_RESULTS=@OLD_CHARACTER_SET_RESULTS */;
/*!40101 SET COLLATION_CONNECTION=@OLD_COLLATION_CONNECTION */;
/*!40111 SET SQL_NOTES=@OLD_SQL_NOTES */;

-- Dump completed on 2023-11-27  1:32:03
